taskId,lengthMI,pes,ramMB,priority
1,21875,1,1024,1
2,3125,1,1024,0
3,3125,1,1024,0
4,3125,1,1024,1
5,3125,1,1024,0
6,3125,1,5498,3
7,3125,1,1024,0
8,3125,1,1024,0
9,12500,1,1024,0
10,15625,1,1649,2
11,3125,1,1024,0
12,3125,1,1024,0
13,15625,1,1024,0
14,3125,1,1024,0
15,6250,1,4398,2
16,3125,1,1024,0
17,3125,1,5498,3
18,31250,1,2147,2
19,3125,1,1024,0
20,15625,1,1024,0
21,15625,1,1649,2
22,12500,1,1024,0
23,3125,1,1024,0
24,3125,1,1024,0
25,3125,1,1024,0
26,3125,1,1024,0
27,3125,1,1024,0
28,3125,1,1024,0
29,3125,1,1024,0
30,3125,1,1024,0
31,6250,1,2197,2
32,3125,1,1024,0
33,3125,1,1024,0
34,3125,1,1024,0
35,6250,1,1024,1
36,3125,1,1024,0
37,12500,1,1024,0
38,3125,1,1024,0
39,3125,1,1024,0
40,3125,1,1024,0
41,3125,1,1024,0
42,3125,1,1024,0
43,3125,1,1024,0
44,3125,1,1024,0
45,3125,1,1024,0
46,3125,1,1024,0
47,9375,1,1024,0
48,3125,1,1024,0
49,3125,1,1024,0
50,3125,1,1024,0
51,6250,1,1024,1
52,3125,1,1024,0
53,3125,1,1024,0
54,3125,1,1024,0
55,3125,1,1024,0
56,3125,1,1024,0
57,3125,1,1024,0
58,21875,1,1024,1
59,9375,1,1024,0
60,6250,1,1024,0
61,3125,1,1024,0
62,3125,1,1024,0
63,3125,1,1024,0
64,3125,1,1024,0
65,3125,1,1024,0
66,3125,1,1024,0
67,3125,1,1024,0
68,3125,1,1024,0
69,3125,1,1024,0
70,3125,1,1024,0
71,3125,1,1024,0
72,3125,1,1024,0
73,15625,1,1024,1
74,3125,1,1024,0
75,3125,1,1024,0
76,3125,1,1024,0
77,3125,1,1024,0
78,3125,1,1024,0
79,3125,1,1024,0
80,3125,1,1024,0
81,3125,1,1024,0
82,3125,1,1024,0
83,3125,1,1024,0
84,3125,1,1024,0
85,3125,1,1024,0
86,6250,1,1024,1
87,3125,1,1024,0
88,3125,1,1024,0
89,9375,1,1024,0
90,3125,1,1024,0
91,3125,1,1024,0
92,3125,1,1024,0
93,3125,1,1024,0
94,3125,1,1024,0
95,3125,1,1024,0
96,3125,1,1024,0
97,3125,1,1024,0
98,3125,1,1024,0
99,6250,1,1024,2
100,18750,1,1024,1
